chip_id,aoi_id,split,disease_module,sample_type,image_packet,sidecar,target,risk_class,risk_score,confidence,label_count,sentinel_cloud_cover_percent,mapbox_available
bangkok_dengue_s0009_label_positive_jitter,bangkok_dengue,train,dengue_aedes,label_positive_jitter,data/processed/vector-100k-demo/image_packets/bangkok_dengue/bangkok_dengue_s0009_label_positive_jitter_packet.png,data/processed/vector-100k-demo/sidecars/bangkok_dengue/bangkok_dengue_s0009_label_positive_jitter_sidecar.json,data/processed/vector-100k-demo/targets/bangkok_dengue/bangkok_dengue_s0009_label_positive_jitter_risk_tile.json,high,67,0.74,29,0.000886,True
bangkok_dengue_s0116_label_positive_jitter,bangkok_dengue,train,dengue_aedes,label_positive_jitter,data/processed/vector-100k-demo/image_packets/bangkok_dengue/bangkok_dengue_s0116_label_positive_jitter_packet.png,data/processed/vector-100k-demo/sidecars/bangkok_dengue/bangkok_dengue_s0116_label_positive_jitter_sidecar.json,data/processed/vector-100k-demo/targets/bangkok_dengue/bangkok_dengue_s0116_label_positive_jitter_risk_tile.json,high,67,0.74,29,0.000886,True
bangkok_dengue_s0344_random_ecological,bangkok_dengue,train,dengue_aedes,random_ecological,data/processed/vector-100k-demo/image_packets/bangkok_dengue/bangkok_dengue_s0344_random_ecological_packet.png,data/processed/vector-100k-demo/sidecars/bangkok_dengue/bangkok_dengue_s0344_random_ecological_sidecar.json,data/processed/vector-100k-demo/targets/bangkok_dengue/bangkok_dengue_s0344_random_ecological_risk_tile.json,low,0,0.34,0,0.000886,True
cairns_dengue_s0034_label_positive_jitter,cairns_dengue,test,dengue_aedes,label_positive_jitter,data/processed/vector-100k-demo/image_packets/cairns_dengue/cairns_dengue_s0034_label_positive_jitter_packet.png,data/processed/vector-100k-demo/sidecars/cairns_dengue/cairns_dengue_s0034_label_positive_jitter_sidecar.json,data/processed/vector-100k-demo/targets/cairns_dengue/cairns_dengue_s0034_label_positive_jitter_risk_tile.json,very_high,79,0.74,65,94.470769,True
cairns_dengue_s0088_hard_negative_water_urban,cairns_dengue,test,dengue_aedes,hard_negative_water_urban,data/processed/vector-100k-demo/image_packets/cairns_dengue/cairns_dengue_s0088_hard_negative_water_urban_packet.png,data/processed/vector-100k-demo/sidecars/cairns_dengue/cairns_dengue_s0088_hard_negative_water_urban_sidecar.json,data/processed/vector-100k-demo/targets/cairns_dengue/cairns_dengue_s0088_hard_negative_water_urban_risk_tile.json,low,0,0.34,0,94.470769,True
cairns_dengue_s0249_label_positive_jitter,cairns_dengue,test,dengue_aedes,label_positive_jitter,data/processed/vector-100k-demo/image_packets/cairns_dengue/cairns_dengue_s0249_label_positive_jitter_packet.png,data/processed/vector-100k-demo/sidecars/cairns_dengue/cairns_dengue_s0249_label_positive_jitter_sidecar.json,data/processed/vector-100k-demo/targets/cairns_dengue/cairns_dengue_s0249_label_positive_jitter_risk_tile.json,very_high,79,0.74,65,94.470769,True
colombo_dengue_s0069_label_positive_jitter,colombo_dengue,validation,dengue_aedes,label_positive_jitter,data/processed/vector-100k-demo/image_packets/colombo_dengue/colombo_dengue_s0069_label_positive_jitter_packet.png,data/processed/vector-100k-demo/sidecars/colombo_dengue/colombo_dengue_s0069_label_positive_jitter_sidecar.json,data/processed/vector-100k-demo/targets/colombo_dengue/colombo_dengue_s0069_label_positive_jitter_risk_tile.json,high,55,0.59,1,75.598013,True
colombo_dengue_s0073_label_positive_jitter,colombo_dengue,validation,dengue_aedes,label_positive_jitter,data/processed/vector-100k-demo/image_packets/colombo_dengue/colombo_dengue_s0073_label_positive_jitter_packet.png,data/processed/vector-100k-demo/sidecars/colombo_dengue/colombo_dengue_s0073_label_positive_jitter_sidecar.json,data/processed/vector-100k-demo/targets/colombo_dengue/colombo_dengue_s0073_label_positive_jitter_risk_tile.json,high,56,0.59,2,75.598013,True
colombo_dengue_s0107_hard_negative_water_urban,colombo_dengue,validation,dengue_aedes,hard_negative_water_urban,data/processed/vector-100k-demo/image_packets/colombo_dengue/colombo_dengue_s0107_hard_negative_water_urban_packet.png,data/processed/vector-100k-demo/sidecars/colombo_dengue/colombo_dengue_s0107_hard_negative_water_urban_sidecar.json,data/processed/vector-100k-demo/targets/colombo_dengue/colombo_dengue_s0107_hard_negative_water_urban_risk_tile.json,low,0,0.34,0,75.598013,True
dhaka_dengue_s0043_label_positive_jitter,dhaka_dengue,train,dengue_aedes,label_positive_jitter,data/processed/vector-100k-demo/image_packets/dhaka_dengue/dhaka_dengue_s0043_label_positive_jitter_packet.png,data/processed/vector-100k-demo/sidecars/dhaka_dengue/dhaka_dengue_s0043_label_positive_jitter_sidecar.json,data/processed/vector-100k-demo/targets/dhaka_dengue/dhaka_dengue_s0043_label_positive_jitter_risk_tile.json,high,60,0.68,19,0.000707,True
dhaka_dengue_s0097_label_positive_jitter,dhaka_dengue,train,dengue_aedes,label_positive_jitter,data/processed/vector-100k-demo/image_packets/dhaka_dengue/dhaka_dengue_s0097_label_positive_jitter_packet.png,data/processed/vector-100k-demo/sidecars/dhaka_dengue/dhaka_dengue_s0097_label_positive_jitter_sidecar.json,data/processed/vector-100k-demo/targets/dhaka_dengue/dhaka_dengue_s0097_label_positive_jitter_risk_tile.json,high,58,0.67,17,0.000707,True
dhaka_dengue_s0344_random_ecological,dhaka_dengue,train,dengue_aedes,random_ecological,data/processed/vector-100k-demo/image_packets/dhaka_dengue/dhaka_dengue_s0344_random_ecological_packet.png,data/processed/vector-100k-demo/sidecars/dhaka_dengue/dhaka_dengue_s0344_random_ecological_sidecar.json,data/processed/vector-100k-demo/targets/dhaka_dengue/dhaka_dengue_s0344_random_ecological_risk_tile.json,low,6,0.38,0,0.000707,True
iquitos_dengue_s0113_label_positive_jitter,iquitos_dengue,train,dengue_aedes,label_positive_jitter,data/processed/vector-100k-demo/image_packets/iquitos_dengue/iquitos_dengue_s0113_label_positive_jitter_packet.png,data/processed/vector-100k-demo/sidecars/iquitos_dengue/iquitos_dengue_s0113_label_positive_jitter_sidecar.json,data/processed/vector-100k-demo/targets/iquitos_dengue/iquitos_dengue_s0113_label_positive_jitter_risk_tile.json,high,66,0.74,32,9.01993,True
iquitos_dengue_s0134_label_positive_jitter,iquitos_dengue,train,dengue_aedes,label_positive_jitter,data/processed/vector-100k-demo/image_packets/iquitos_dengue/iquitos_dengue_s0134_label_positive_jitter_packet.png,data/processed/vector-100k-demo/sidecars/iquitos_dengue/iquitos_dengue_s0134_label_positive_jitter_sidecar.json,data/processed/vector-100k-demo/targets/iquitos_dengue/iquitos_dengue_s0134_label_positive_jitter_risk_tile.json,high,65,0.74,35,9.01993,True
iquitos_dengue_s0334_random_ecological,iquitos_dengue,train,dengue_aedes,random_ecological,data/processed/vector-100k-demo/image_packets/iquitos_dengue/iquitos_dengue_s0334_random_ecological_packet.png,data/processed/vector-100k-demo/sidecars/iquitos_dengue/iquitos_dengue_s0334_random_ecological_sidecar.json,data/processed/vector-100k-demo/targets/iquitos_dengue/iquitos_dengue_s0334_random_ecological_risk_tile.json,low,2,0.34,0,9.01993,True
panama_city_dengue_s0074_label_positive_jitter,panama_city_dengue,test,dengue_aedes,label_positive_jitter,data/processed/vector-100k-demo/image_packets/panama_city_dengue/panama_city_dengue_s0074_label_positive_jitter_packet.png,data/processed/vector-100k-demo/sidecars/panama_city_dengue/panama_city_dengue_s0074_label_positive_jitter_sidecar.json,data/processed/vector-100k-demo/targets/panama_city_dengue/panama_city_dengue_s0074_label_positive_jitter_risk_tile.json,high,55,0.66,14,18.544856,True
panama_city_dengue_s0107_hard_negative_water_urban,panama_city_dengue,test,dengue_aedes,hard_negative_water_urban,data/processed/vector-100k-demo/image_packets/panama_city_dengue/panama_city_dengue_s0107_hard_negative_water_urban_packet.png,data/processed/vector-100k-demo/sidecars/panama_city_dengue/panama_city_dengue_s0107_hard_negative_water_urban_sidecar.json,data/processed/vector-100k-demo/targets/panama_city_dengue/panama_city_dengue_s0107_hard_negative_water_urban_risk_tile.json,low,0,0.34,0,18.544856,True
panama_city_dengue_s0176_exposure_context,panama_city_dengue,test,dengue_aedes,exposure_context,data/processed/vector-100k-demo/image_packets/panama_city_dengue/panama_city_dengue_s0176_exposure_context_packet.png,data/processed/vector-100k-demo/sidecars/panama_city_dengue/panama_city_dengue_s0176_exposure_context_sidecar.json,data/processed/vector-100k-demo/targets/panama_city_dengue/panama_city_dengue_s0176_exposure_context_risk_tile.json,high,57,0.66,15,18.544856,True
recife_dengue_s0015_label_positive_jitter,recife_dengue,train,dengue_aedes,label_positive_jitter,data/processed/vector-100k-demo/image_packets/recife_dengue/recife_dengue_s0015_label_positive_jitter_packet.png,data/processed/vector-100k-demo/sidecars/recife_dengue/recife_dengue_s0015_label_positive_jitter_sidecar.json,data/processed/vector-100k-demo/targets/recife_dengue/recife_dengue_s0015_label_positive_jitter_risk_tile.json,moderate,42,0.64,11,19.549918,True
recife_dengue_s0068_label_positive_jitter,recife_dengue,train,dengue_aedes,label_positive_jitter,data/processed/vector-100k-demo/image_packets/recife_dengue/recife_dengue_s0068_label_positive_jitter_packet.png,data/processed/vector-100k-demo/sidecars/recife_dengue/recife_dengue_s0068_label_positive_jitter_sidecar.json,data/processed/vector-100k-demo/targets/recife_dengue/recife_dengue_s0068_label_positive_jitter_risk_tile.json,moderate,42,0.64,11,19.549918,True
recife_dengue_s0318_random_ecological,recife_dengue,train,dengue_aedes,random_ecological,data/processed/vector-100k-demo/image_packets/recife_dengue/recife_dengue_s0318_random_ecological_packet.png,data/processed/vector-100k-demo/sidecars/recife_dengue/recife_dengue_s0318_random_ecological_sidecar.json,data/processed/vector-100k-demo/targets/recife_dengue/recife_dengue_s0318_random_ecological_risk_tile.json,low,0,0.34,0,19.549918,True
rio_de_janeiro_dengue_s0009_label_positive_jitter,rio_de_janeiro_dengue,train,dengue_aedes,label_positive_jitter,data/processed/vector-100k-demo/image_packets/rio_de_janeiro_dengue/rio_de_janeiro_dengue_s0009_label_positive_jitter_packet.png,data/processed/vector-100k-demo/sidecars/rio_de_janeiro_dengue/rio_de_janeiro_dengue_s0009_label_positive_jitter_sidecar.json,data/processed/vector-100k-demo/targets/rio_de_janeiro_dengue/rio_de_janeiro_dengue_s0009_label_positive_jitter_risk_tile.json,high,71,0.74,160,0.026526,True
rio_de_janeiro_dengue_s0014_label_positive_jitter,rio_de_janeiro_dengue,train,dengue_aedes,label_positive_jitter,data/processed/vector-100k-demo/image_packets/rio_de_janeiro_dengue/rio_de_janeiro_dengue_s0014_label_positive_jitter_packet.png,data/processed/vector-100k-demo/sidecars/rio_de_janeiro_dengue/rio_de_janeiro_dengue_s0014_label_positive_jitter_sidecar.json,data/processed/vector-100k-demo/targets/rio_de_janeiro_dengue/rio_de_janeiro_dengue_s0014_label_positive_jitter_risk_tile.json,high,71,0.74,160,0.026526,True
rio_de_janeiro_dengue_s0314_random_ecological,rio_de_janeiro_dengue,train,dengue_aedes,random_ecological,data/processed/vector-100k-demo/image_packets/rio_de_janeiro_dengue/rio_de_janeiro_dengue_s0314_random_ecological_packet.png,data/processed/vector-100k-demo/sidecars/rio_de_janeiro_dengue/rio_de_janeiro_dengue_s0314_random_ecological_sidecar.json,data/processed/vector-100k-demo/targets/rio_de_janeiro_dengue/rio_de_janeiro_dengue_s0314_random_ecological_risk_tile.json,low,0,0.34,0,0.026526,True
san_juan_dengue_s0013_label_positive_jitter,san_juan_dengue,validation,dengue_aedes,label_positive_jitter,data/processed/vector-100k-demo/image_packets/san_juan_dengue/san_juan_dengue_s0013_label_positive_jitter_packet.png,data/processed/vector-100k-demo/sidecars/san_juan_dengue/san_juan_dengue_s0013_label_positive_jitter_sidecar.json,data/processed/vector-100k-demo/targets/san_juan_dengue/san_juan_dengue_s0013_label_positive_jitter_risk_tile.json,high,53,0.61,6,3.277566,True
san_juan_dengue_s0052_label_positive_jitter,san_juan_dengue,validation,dengue_aedes,label_positive_jitter,data/processed/vector-100k-demo/image_packets/san_juan_dengue/san_juan_dengue_s0052_label_positive_jitter_packet.png,data/processed/vector-100k-demo/sidecars/san_juan_dengue/san_juan_dengue_s0052_label_positive_jitter_sidecar.json,data/processed/vector-100k-demo/targets/san_juan_dengue/san_juan_dengue_s0052_label_positive_jitter_risk_tile.json,high,52,0.61,5,3.277566,True
san_juan_dengue_s0128_hard_negative_water_urban,san_juan_dengue,validation,dengue_aedes,hard_negative_water_urban,data/processed/vector-100k-demo/image_packets/san_juan_dengue/san_juan_dengue_s0128_hard_negative_water_urban_packet.png,data/processed/vector-100k-demo/sidecars/san_juan_dengue/san_juan_dengue_s0128_hard_negative_water_urban_sidecar.json,data/processed/vector-100k-demo/targets/san_juan_dengue/san_juan_dengue_s0128_hard_negative_water_urban_risk_tile.json,low,0,0.5,5,3.277566,True
singapore_dengue_s0044_label_positive_jitter,singapore_dengue,train,dengue_aedes,label_positive_jitter,data/processed/vector-100k-demo/image_packets/singapore_dengue/singapore_dengue_s0044_label_positive_jitter_packet.png,data/processed/vector-100k-demo/sidecars/singapore_dengue/singapore_dengue_s0044_label_positive_jitter_sidecar.json,data/processed/vector-100k-demo/targets/singapore_dengue/singapore_dengue_s0044_label_positive_jitter_risk_tile.json,high,57,0.82,36,10.657708,True
singapore_dengue_s0260_exposure_context,singapore_dengue,train,dengue_aedes,exposure_context,data/processed/vector-100k-demo/image_packets/singapore_dengue/singapore_dengue_s0260_exposure_context_packet.png,data/processed/vector-100k-demo/sidecars/singapore_dengue/singapore_dengue_s0260_exposure_context_sidecar.json,data/processed/vector-100k-demo/targets/singapore_dengue/singapore_dengue_s0260_exposure_context_risk_tile.json,high,59,0.82,47,10.657708,True
singapore_dengue_s0314_random_ecological,singapore_dengue,train,dengue_aedes,random_ecological,data/processed/vector-100k-demo/image_packets/singapore_dengue/singapore_dengue_s0314_random_ecological_packet.png,data/processed/vector-100k-demo/sidecars/singapore_dengue/singapore_dengue_s0314_random_ecological_sidecar.json,data/processed/vector-100k-demo/targets/singapore_dengue/singapore_dengue_s0314_random_ecological_risk_tile.json,low,0,0.34,0,10.657708,True
bobo_dioulasso_malaria_s0021_label_positive_jitter,bobo_dioulasso_malaria,train,mosquito_anopheles_malaria,label_positive_jitter,data/processed/vector-100k-demo/image_packets/bobo_dioulasso_malaria/bobo_dioulasso_malaria_s0021_label_positive_jitter_packet.png,data/processed/vector-100k-demo/sidecars/bobo_dioulasso_malaria/bobo_dioulasso_malaria_s0021_label_positive_jitter_sidecar.json,data/processed/vector-100k-demo/targets/bobo_dioulasso_malaria/bobo_dioulasso_malaria_s0021_label_positive_jitter_risk_tile.json,moderate,49,0.73,132,0,True
bobo_dioulasso_malaria_s0025_label_positive_jitter,bobo_dioulasso_malaria,train,mosquito_anopheles_malaria,label_positive_jitter,data/processed/vector-100k-demo/image_packets/bobo_dioulasso_malaria/bobo_dioulasso_malaria_s0025_label_positive_jitter_packet.png,data/processed/vector-100k-demo/sidecars/bobo_dioulasso_malaria/bobo_dioulasso_malaria_s0025_label_positive_jitter_sidecar.json,data/processed/vector-100k-demo/targets/bobo_dioulasso_malaria/bobo_dioulasso_malaria_s0025_label_positive_jitter_risk_tile.json,moderate,49,0.73,132,0,True
bobo_dioulasso_malaria_s0314_random_ecological,bobo_dioulasso_malaria,train,mosquito_anopheles_malaria,random_ecological,data/processed/vector-100k-demo/image_packets/bobo_dioulasso_malaria/bobo_dioulasso_malaria_s0314_random_ecological_packet.png,data/processed/vector-100k-demo/sidecars/bobo_dioulasso_malaria/bobo_dioulasso_malaria_s0314_random_ecological_sidecar.json,data/processed/vector-100k-demo/targets/bobo_dioulasso_malaria/bobo_dioulasso_malaria_s0314_random_ecological_risk_tile.json,low,1,0.34,0,0,True
farafenni_malaria_s0052_label_positive_jitter,farafenni_malaria,validation,mosquito_anopheles_malaria,label_positive_jitter,data/processed/vector-100k-demo/image_packets/farafenni_malaria/farafenni_malaria_s0052_label_positive_jitter_packet.png,data/processed/vector-100k-demo/sidecars/farafenni_malaria/farafenni_malaria_s0052_label_positive_jitter_sidecar.json,data/processed/vector-100k-demo/targets/farafenni_malaria/farafenni_malaria_s0052_label_positive_jitter_risk_tile.json,low,23,0.57,20,0.000309,True
farafenni_malaria_s0111_hard_negative_water_urban,farafenni_malaria,validation,mosquito_anopheles_malaria,hard_negative_water_urban,data/processed/vector-100k-demo/image_packets/farafenni_malaria/farafenni_malaria_s0111_hard_negative_water_urban_packet.png,data/processed/vector-100k-demo/sidecars/farafenni_malaria/farafenni_malaria_s0111_hard_negative_water_urban_sidecar.json,data/processed/vector-100k-demo/targets/farafenni_malaria/farafenni_malaria_s0111_hard_negative_water_urban_risk_tile.json,low,23,0.57,23,0.000309,True
farafenni_malaria_s0192_random_ecological,farafenni_malaria,validation,mosquito_anopheles_malaria,random_ecological,data/processed/vector-100k-demo/image_packets/farafenni_malaria/farafenni_malaria_s0192_random_ecological_packet.png,data/processed/vector-100k-demo/sidecars/farafenni_malaria/farafenni_malaria_s0192_random_ecological_sidecar.json,data/processed/vector-100k-demo/targets/farafenni_malaria/farafenni_malaria_s0192_random_ecological_risk_tile.json,low,0,0.34,0,0.000309,True
ifakara_malaria_s0009_label_positive_jitter,ifakara_malaria,train,mosquito_anopheles_malaria,label_positive_jitter,data/processed/vector-100k-demo/image_packets/ifakara_malaria/ifakara_malaria_s0009_label_positive_jitter_packet.png,data/processed/vector-100k-demo/sidecars/ifakara_malaria/ifakara_malaria_s0009_label_positive_jitter_sidecar.json,data/processed/vector-100k-demo/targets/ifakara_malaria/ifakara_malaria_s0009_label_positive_jitter_risk_tile.json,low,20,0.55,36,0.003184,True
ifakara_malaria_s0107_label_positive_jitter,ifakara_malaria,train,mosquito_anopheles_malaria,label_positive_jitter,data/processed/vector-100k-demo/image_packets/ifakara_malaria/ifakara_malaria_s0107_label_positive_jitter_packet.png,data/processed/vector-100k-demo/sidecars/ifakara_malaria/ifakara_malaria_s0107_label_positive_jitter_sidecar.json,data/processed/vector-100k-demo/targets/ifakara_malaria/ifakara_malaria_s0107_label_positive_jitter_risk_tile.json,low,22,0.46,26,0.003184,True
ifakara_malaria_s0154_hard_negative_water_urban,ifakara_malaria,train,mosquito_anopheles_malaria,hard_negative_water_urban,data/processed/vector-100k-demo/image_packets/ifakara_malaria/ifakara_malaria_s0154_hard_negative_water_urban_packet.png,data/processed/vector-100k-demo/sidecars/ifakara_malaria/ifakara_malaria_s0154_hard_negative_water_urban_sidecar.json,data/processed/vector-100k-demo/targets/ifakara_malaria/ifakara_malaria_s0154_hard_negative_water_urban_risk_tile.json,low,6,0.35,0,0.003184,True
kisumu_malaria_s0024_label_positive_jitter,kisumu_malaria,train,mosquito_anopheles_malaria,label_positive_jitter,data/processed/vector-100k-demo/image_packets/kisumu_malaria/kisumu_malaria_s0024_label_positive_jitter_packet.png,data/processed/vector-100k-demo/sidecars/kisumu_malaria/kisumu_malaria_s0024_label_positive_jitter_sidecar.json,data/processed/vector-100k-demo/targets/kisumu_malaria/kisumu_malaria_s0024_label_positive_jitter_risk_tile.json,moderate,44,0.61,109,0.594942,True
kisumu_malaria_s0257_exposure_context,kisumu_malaria,train,mosquito_anopheles_malaria,exposure_context,data/processed/vector-100k-demo/image_packets/kisumu_malaria/kisumu_malaria_s0257_exposure_context_packet.png,data/processed/vector-100k-demo/sidecars/kisumu_malaria/kisumu_malaria_s0257_exposure_context_sidecar.json,data/processed/vector-100k-demo/targets/kisumu_malaria/kisumu_malaria_s0257_exposure_context_risk_tile.json,moderate,44,0.69,16,0.594942,True
kisumu_malaria_s0372_random_ecological,kisumu_malaria,train,mosquito_anopheles_malaria,random_ecological,data/processed/vector-100k-demo/image_packets/kisumu_malaria/kisumu_malaria_s0372_random_ecological_packet.png,data/processed/vector-100k-demo/sidecars/kisumu_malaria/kisumu_malaria_s0372_random_ecological_sidecar.json,data/processed/vector-100k-demo/targets/kisumu_malaria/kisumu_malaria_s0372_random_ecological_risk_tile.json,low,0,0.34,0,0.594942,True
korhogo_malaria_s0057_label_positive_jitter,korhogo_malaria,test,mosquito_anopheles_malaria,label_positive_jitter,data/processed/vector-100k-demo/image_packets/korhogo_malaria/korhogo_malaria_s0057_label_positive_jitter_packet.png,data/processed/vector-100k-demo/sidecars/korhogo_malaria/korhogo_malaria_s0057_label_positive_jitter_sidecar.json,data/processed/vector-100k-demo/targets/korhogo_malaria/korhogo_malaria_s0057_label_positive_jitter_risk_tile.json,low,23,0.49,2784,0,True
korhogo_malaria_s0083_hard_negative_water_urban,korhogo_malaria,test,mosquito_anopheles_malaria,hard_negative_water_urban,data/processed/vector-100k-demo/image_packets/korhogo_malaria/korhogo_malaria_s0083_hard_negative_water_urban_packet.png,data/processed/vector-100k-demo/sidecars/korhogo_malaria/korhogo_malaria_s0083_hard_negative_water_urban_sidecar.json,data/processed/vector-100k-demo/targets/korhogo_malaria/korhogo_malaria_s0083_hard_negative_water_urban_risk_tile.json,moderate,39,0.72,17,0,True
korhogo_malaria_s0188_random_ecological,korhogo_malaria,test,mosquito_anopheles_malaria,random_ecological,data/processed/vector-100k-demo/image_packets/korhogo_malaria/korhogo_malaria_s0188_random_ecological_packet.png,data/processed/vector-100k-demo/sidecars/korhogo_malaria/korhogo_malaria_s0188_random_ecological_sidecar.json,data/processed/vector-100k-demo/targets/korhogo_malaria/korhogo_malaria_s0188_random_ecological_risk_tile.json,low,0,0.34,0,0,True
manhica_malaria_s0048_label_positive_jitter,manhica_malaria,train,mosquito_anopheles_malaria,label_positive_jitter,data/processed/vector-100k-demo/image_packets/manhica_malaria/manhica_malaria_s0048_label_positive_jitter_packet.png,data/processed/vector-100k-demo/sidecars/manhica_malaria/manhica_malaria_s0048_label_positive_jitter_sidecar.json,data/processed/vector-100k-demo/targets/manhica_malaria/manhica_malaria_s0048_label_positive_jitter_risk_tile.json,low,15,0.44,7,0.00794,True
manhica_malaria_s0072_label_positive_jitter,manhica_malaria,train,mosquito_anopheles_malaria,label_positive_jitter,data/processed/vector-100k-demo/image_packets/manhica_malaria/manhica_malaria_s0072_label_positive_jitter_packet.png,data/processed/vector-100k-demo/sidecars/manhica_malaria/manhica_malaria_s0072_label_positive_jitter_sidecar.json,data/processed/vector-100k-demo/targets/manhica_malaria/manhica_malaria_s0072_label_positive_jitter_risk_tile.json,low,15,0.44,7,0.00794,True
manhica_malaria_s0153_hard_negative_water_urban,manhica_malaria,train,mosquito_anopheles_malaria,hard_negative_water_urban,data/processed/vector-100k-demo/image_packets/manhica_malaria/manhica_malaria_s0153_hard_negative_water_urban_packet.png,data/processed/vector-100k-demo/sidecars/manhica_malaria/manhica_malaria_s0153_hard_negative_water_urban_sidecar.json,data/processed/vector-100k-demo/targets/manhica_malaria/manhica_malaria_s0153_hard_negative_water_urban_risk_tile.json,low,0,0.34,0,0.00794,True
navrongo_malaria_s0014_label_positive_jitter,navrongo_malaria,train,mosquito_anopheles_malaria,label_positive_jitter,data/processed/vector-100k-demo/image_packets/navrongo_malaria/navrongo_malaria_s0014_label_positive_jitter_packet.png,data/processed/vector-100k-demo/sidecars/navrongo_malaria/navrongo_malaria_s0014_label_positive_jitter_sidecar.json,data/processed/vector-100k-demo/targets/navrongo_malaria/navrongo_malaria_s0014_label_positive_jitter_risk_tile.json,low,19,0.57,23,3.655135,True
navrongo_malaria_s0239_hard_negative_water_urban,navrongo_malaria,train,mosquito_anopheles_malaria,hard_negative_water_urban,data/processed/vector-100k-demo/image_packets/navrongo_malaria/navrongo_malaria_s0239_hard_negative_water_urban_packet.png,data/processed/vector-100k-demo/sidecars/navrongo_malaria/navrongo_malaria_s0239_hard_negative_water_urban_sidecar.json,data/processed/vector-100k-demo/targets/navrongo_malaria/navrongo_malaria_s0239_hard_negative_water_urban_risk_tile.json,low,20,0.56,23,3.655135,True
navrongo_malaria_s0313_random_ecological,navrongo_malaria,train,mosquito_anopheles_malaria,random_ecological,data/processed/vector-100k-demo/image_packets/navrongo_malaria/navrongo_malaria_s0313_random_ecological_packet.png,data/processed/vector-100k-demo/sidecars/navrongo_malaria/navrongo_malaria_s0313_random_ecological_sidecar.json,data/processed/vector-100k-demo/targets/navrongo_malaria/navrongo_malaria_s0313_random_ecological_risk_tile.json,low,0,0.34,0,3.655135,True
nchelenge_malaria_s0026_label_positive_jitter,nchelenge_malaria,validation,mosquito_anopheles_malaria,label_positive_jitter,data/processed/vector-100k-demo/image_packets/nchelenge_malaria/nchelenge_malaria_s0026_label_positive_jitter_packet.png,data/processed/vector-100k-demo/sidecars/nchelenge_malaria/nchelenge_malaria_s0026_label_positive_jitter_sidecar.json,data/processed/vector-100k-demo/targets/nchelenge_malaria/nchelenge_malaria_s0026_label_positive_jitter_risk_tile.json,low,24,0.48,8,0.000126,True
nchelenge_malaria_s0029_label_positive_jitter,nchelenge_malaria,validation,mosquito_anopheles_malaria,label_positive_jitter,data/processed/vector-100k-demo/image_packets/nchelenge_malaria/nchelenge_malaria_s0029_label_positive_jitter_packet.png,data/processed/vector-100k-demo/sidecars/nchelenge_malaria/nchelenge_malaria_s0029_label_positive_jitter_sidecar.json,data/processed/vector-100k-demo/targets/nchelenge_malaria/nchelenge_malaria_s0029_label_positive_jitter_risk_tile.json,low,24,0.48,8,0.000126,True
nchelenge_malaria_s0103_hard_negative_water_urban,nchelenge_malaria,validation,mosquito_anopheles_malaria,hard_negative_water_urban,data/processed/vector-100k-demo/image_packets/nchelenge_malaria/nchelenge_malaria_s0103_hard_negative_water_urban_packet.png,data/processed/vector-100k-demo/sidecars/nchelenge_malaria/nchelenge_malaria_s0103_hard_negative_water_urban_sidecar.json,data/processed/vector-100k-demo/targets/nchelenge_malaria/nchelenge_malaria_s0103_hard_negative_water_urban_risk_tile.json,low,2,0.34,0,0.000126,True
siaya_malaria_s0068_label_positive_jitter,siaya_malaria,train,mosquito_anopheles_malaria,label_positive_jitter,data/processed/vector-100k-demo/image_packets/siaya_malaria/siaya_malaria_s0068_label_positive_jitter_packet.png,data/processed/vector-100k-demo/sidecars/siaya_malaria/siaya_malaria_s0068_label_positive_jitter_sidecar.json,data/processed/vector-100k-demo/targets/siaya_malaria/siaya_malaria_s0068_label_positive_jitter_risk_tile.json,moderate,40,0.66,169,1.40536,True
siaya_malaria_s0133_label_positive_jitter,siaya_malaria,train,mosquito_anopheles_malaria,label_positive_jitter,data/processed/vector-100k-demo/image_packets/siaya_malaria/siaya_malaria_s0133_label_positive_jitter_packet.png,data/processed/vector-100k-demo/sidecars/siaya_malaria/siaya_malaria_s0133_label_positive_jitter_sidecar.json,data/processed/vector-100k-demo/targets/siaya_malaria/siaya_malaria_s0133_label_positive_jitter_risk_tile.json,moderate,40,0.66,167,1.40536,True
siaya_malaria_s0154_hard_negative_water_urban,siaya_malaria,train,mosquito_anopheles_malaria,hard_negative_water_urban,data/processed/vector-100k-demo/image_packets/siaya_malaria/siaya_malaria_s0154_hard_negative_water_urban_packet.png,data/processed/vector-100k-demo/sidecars/siaya_malaria/siaya_malaria_s0154_hard_negative_water_urban_sidecar.json,data/processed/vector-100k-demo/targets/siaya_malaria/siaya_malaria_s0154_hard_negative_water_urban_risk_tile.json,low,0,0.34,0,1.40536,True
tororo_malaria_s0035_label_positive_jitter,tororo_malaria,test,mosquito_anopheles_malaria,label_positive_jitter,data/processed/vector-100k-demo/image_packets/tororo_malaria/tororo_malaria_s0035_label_positive_jitter_packet.png,data/processed/vector-100k-demo/sidecars/tororo_malaria/tororo_malaria_s0035_label_positive_jitter_sidecar.json,data/processed/vector-100k-demo/targets/tororo_malaria/tororo_malaria_s0035_label_positive_jitter_risk_tile.json,high,52,0.71,11886,30.772555,True
tororo_malaria_s0041_label_positive_jitter,tororo_malaria,test,mosquito_anopheles_malaria,label_positive_jitter,data/processed/vector-100k-demo/image_packets/tororo_malaria/tororo_malaria_s0041_label_positive_jitter_packet.png,data/processed/vector-100k-demo/sidecars/tororo_malaria/tororo_malaria_s0041_label_positive_jitter_sidecar.json,data/processed/vector-100k-demo/targets/tororo_malaria/tororo_malaria_s0041_label_positive_jitter_risk_tile.json,high,52,0.71,11886,30.772555,True
tororo_malaria_s0186_random_ecological,tororo_malaria,test,mosquito_anopheles_malaria,random_ecological,data/processed/vector-100k-demo/image_packets/tororo_malaria/tororo_malaria_s0186_random_ecological_packet.png,data/processed/vector-100k-demo/sidecars/tororo_malaria/tororo_malaria_s0186_random_ecological_sidecar.json,data/processed/vector-100k-demo/targets/tororo_malaria/tororo_malaria_s0186_random_ecological_risk_tile.json,low,9,0.4,0,30.772555,True
busia_schistosomiasis_s0024_label_positive_jitter,busia_schistosomiasis,train,schistosomiasis,label_positive_jitter,data/processed/vector-100k-demo/image_packets/busia_schistosomiasis/busia_schistosomiasis_s0024_label_positive_jitter_packet.png,data/processed/vector-100k-demo/sidecars/busia_schistosomiasis/busia_schistosomiasis_s0024_label_positive_jitter_sidecar.json,data/processed/vector-100k-demo/targets/busia_schistosomiasis/busia_schistosomiasis_s0024_label_positive_jitter_risk_tile.json,low,13,0.51,18,0.531272,True
busia_schistosomiasis_s0164_hard_negative_water_urban,busia_schistosomiasis,train,schistosomiasis,hard_negative_water_urban,data/processed/vector-100k-demo/image_packets/busia_schistosomiasis/busia_schistosomiasis_s0164_hard_negative_water_urban_packet.png,data/processed/vector-100k-demo/sidecars/busia_schistosomiasis/busia_schistosomiasis_s0164_hard_negative_water_urban_sidecar.json,data/processed/vector-100k-demo/targets/busia_schistosomiasis/busia_schistosomiasis_s0164_hard_negative_water_urban_risk_tile.json,low,21,0.58,0,0.531272,True
busia_schistosomiasis_s0189_hard_negative_water_urban,busia_schistosomiasis,train,schistosomiasis,hard_negative_water_urban,data/processed/vector-100k-demo/image_packets/busia_schistosomiasis/busia_schistosomiasis_s0189_hard_negative_water_urban_packet.png,data/processed/vector-100k-demo/sidecars/busia_schistosomiasis/busia_schistosomiasis_s0189_hard_negative_water_urban_sidecar.json,data/processed/vector-100k-demo/targets/busia_schistosomiasis/busia_schistosomiasis_s0189_hard_negative_water_urban_risk_tile.json,low,0,0.34,0,0.531272,True
jinja_schistosomiasis_s0007_label_positive_jitter,jinja_schistosomiasis,train,schistosomiasis,label_positive_jitter,data/processed/vector-100k-demo/image_packets/jinja_schistosomiasis/jinja_schistosomiasis_s0007_label_positive_jitter_packet.png,data/processed/vector-100k-demo/sidecars/jinja_schistosomiasis/jinja_schistosomiasis_s0007_label_positive_jitter_sidecar.json,data/processed/vector-100k-demo/targets/jinja_schistosomiasis/jinja_schistosomiasis_s0007_label_positive_jitter_risk_tile.json,low,16,0.59,3,8.090474,True
jinja_schistosomiasis_s0149_hard_negative_water_urban,jinja_schistosomiasis,train,schistosomiasis,hard_negative_water_urban,data/processed/vector-100k-demo/image_packets/jinja_schistosomiasis/jinja_schistosomiasis_s0149_hard_negative_water_urban_packet.png,data/processed/vector-100k-demo/sidecars/jinja_schistosomiasis/jinja_schistosomiasis_s0149_hard_negative_water_urban_sidecar.json,data/processed/vector-100k-demo/targets/jinja_schistosomiasis/jinja_schistosomiasis_s0149_hard_negative_water_urban_risk_tile.json,low,24,0.58,0,8.090474,True
jinja_schistosomiasis_s0321_random_ecological,jinja_schistosomiasis,train,schistosomiasis,random_ecological,data/processed/vector-100k-demo/image_packets/jinja_schistosomiasis/jinja_schistosomiasis_s0321_random_ecological_packet.png,data/processed/vector-100k-demo/sidecars/jinja_schistosomiasis/jinja_schistosomiasis_s0321_random_ecological_sidecar.json,data/processed/vector-100k-demo/targets/jinja_schistosomiasis/jinja_schistosomiasis_s0321_random_ecological_risk_tile.json,low,2,0.36,0,8.090474,True
kafr_el_sheikh_schistosomiasis_s0032_label_positive_jitter,kafr_el_sheikh_schistosomiasis,test,schistosomiasis,label_positive_jitter,data/processed/vector-100k-demo/image_packets/kafr_el_sheikh_schistosomiasis/kafr_el_sheikh_schistosomiasis_s0032_label_positive_jitter_packet.png,data/processed/vector-100k-demo/sidecars/kafr_el_sheikh_schistosomiasis/kafr_el_sheikh_schistosomiasis_s0032_label_positive_jitter_sidecar.json,data/processed/vector-100k-demo/targets/kafr_el_sheikh_schistosomiasis/kafr_el_sheikh_schistosomiasis_s0032_label_positive_jitter_risk_tile.json,low,8,0.44,2,0.007677,True
kafr_el_sheikh_schistosomiasis_s0083_hard_negative_water_urban,kafr_el_sheikh_schistosomiasis,test,schistosomiasis,hard_negative_water_urban,data/processed/vector-100k-demo/image_packets/kafr_el_sheikh_schistosomiasis/kafr_el_sheikh_schistosomiasis_s0083_hard_negative_water_urban_packet.png,data/processed/vector-100k-demo/sidecars/kafr_el_sheikh_schistosomiasis/kafr_el_sheikh_schistosomiasis_s0083_hard_negative_water_urban_sidecar.json,data/processed/vector-100k-demo/targets/kafr_el_sheikh_schistosomiasis/kafr_el_sheikh_schistosomiasis_s0083_hard_negative_water_urban_risk_tile.json,low,0,0.34,0,0.007677,True
kafr_el_sheikh_schistosomiasis_s0123_hard_negative_water_urban,kafr_el_sheikh_schistosomiasis,test,schistosomiasis,hard_negative_water_urban,data/processed/vector-100k-demo/image_packets/kafr_el_sheikh_schistosomiasis/kafr_el_sheikh_schistosomiasis_s0123_hard_negative_water_urban_packet.png,data/processed/vector-100k-demo/sidecars/kafr_el_sheikh_schistosomiasis/kafr_el_sheikh_schistosomiasis_s0123_hard_negative_water_urban_sidecar.json,data/processed/vector-100k-demo/targets/kafr_el_sheikh_schistosomiasis/kafr_el_sheikh_schistosomiasis_s0123_hard_negative_water_urban_risk_tile.json,low,14,0.53,0,0.007677,True
kafue_schistosomiasis_s0015_label_positive_jitter,kafue_schistosomiasis,validation,schistosomiasis,label_positive_jitter,data/processed/vector-100k-demo/image_packets/kafue_schistosomiasis/kafue_schistosomiasis_s0015_label_positive_jitter_packet.png,data/processed/vector-100k-demo/sidecars/kafue_schistosomiasis/kafue_schistosomiasis_s0015_label_positive_jitter_sidecar.json,data/processed/vector-100k-demo/targets/kafue_schistosomiasis/kafue_schistosomiasis_s0015_label_positive_jitter_risk_tile.json,low,20,0.58,0,2e-05,True
kafue_schistosomiasis_s0088_hard_negative_water_urban,kafue_schistosomiasis,validation,schistosomiasis,hard_negative_water_urban,data/processed/vector-100k-demo/image_packets/kafue_schistosomiasis/kafue_schistosomiasis_s0088_hard_negative_water_urban_packet.png,data/processed/vector-100k-demo/sidecars/kafue_schistosomiasis/kafue_schistosomiasis_s0088_hard_negative_water_urban_sidecar.json,data/processed/vector-100k-demo/targets/kafue_schistosomiasis/kafue_schistosomiasis_s0088_hard_negative_water_urban_risk_tile.json,low,24,0.58,0,2e-05,True
kafue_schistosomiasis_s0104_hard_negative_water_urban,kafue_schistosomiasis,validation,schistosomiasis,hard_negative_water_urban,data/processed/vector-100k-demo/image_packets/kafue_schistosomiasis/kafue_schistosomiasis_s0104_hard_negative_water_urban_packet.png,data/processed/vector-100k-demo/sidecars/kafue_schistosomiasis/kafue_schistosomiasis_s0104_hard_negative_water_urban_sidecar.json,data/processed/vector-100k-demo/targets/kafue_schistosomiasis/kafue_schistosomiasis_s0104_hard_negative_water_urban_risk_tile.json,low,0,0.34,0,2e-05,True
mangochi_schistosomiasis_s0003_label_positive_jitter,mangochi_schistosomiasis,train,schistosomiasis,label_positive_jitter,data/processed/vector-100k-demo/image_packets/mangochi_schistosomiasis/mangochi_schistosomiasis_s0003_label_positive_jitter_packet.png,data/processed/vector-100k-demo/sidecars/mangochi_schistosomiasis/mangochi_schistosomiasis_s0003_label_positive_jitter_sidecar.json,data/processed/vector-100k-demo/targets/mangochi_schistosomiasis/mangochi_schistosomiasis_s0003_label_positive_jitter_risk_tile.json,low,8,0.52,1,88.853961,True
mangochi_schistosomiasis_s0149_hard_negative_water_urban,mangochi_schistosomiasis,train,schistosomiasis,hard_negative_water_urban,data/processed/vector-100k-demo/image_packets/mangochi_schistosomiasis/mangochi_schistosomiasis_s0149_hard_negative_water_urban_packet.png,data/processed/vector-100k-demo/sidecars/mangochi_schistosomiasis/mangochi_schistosomiasis_s0149_hard_negative_water_urban_sidecar.json,data/processed/vector-100k-demo/targets/mangochi_schistosomiasis/mangochi_schistosomiasis_s0149_hard_negative_water_urban_risk_tile.json,low,0,0.34,0,88.853961,True
mangochi_schistosomiasis_s0170_hard_negative_water_urban,mangochi_schistosomiasis,train,schistosomiasis,hard_negative_water_urban,data/processed/vector-100k-demo/image_packets/mangochi_schistosomiasis/mangochi_schistosomiasis_s0170_hard_negative_water_urban_packet.png,data/processed/vector-100k-demo/sidecars/mangochi_schistosomiasis/mangochi_schistosomiasis_s0170_hard_negative_water_urban_sidecar.json,data/processed/vector-100k-demo/targets/mangochi_schistosomiasis/mangochi_schistosomiasis_s0170_hard_negative_water_urban_risk_tile.json,low,10,0.54,0,88.853961,True
mbita_schistosomiasis_s0020_label_positive_jitter,mbita_schistosomiasis,train,schistosomiasis,label_positive_jitter,data/processed/vector-100k-demo/image_packets/mbita_schistosomiasis/mbita_schistosomiasis_s0020_label_positive_jitter_packet.png,data/processed/vector-100k-demo/sidecars/mbita_schistosomiasis/mbita_schistosomiasis_s0020_label_positive_jitter_sidecar.json,data/processed/vector-100k-demo/targets/mbita_schistosomiasis/mbita_schistosomiasis_s0020_label_positive_jitter_risk_tile.json,low,20,0.6,32,1.40536,True
mbita_schistosomiasis_s0124_label_positive_jitter,mbita_schistosomiasis,train,schistosomiasis,label_positive_jitter,data/processed/vector-100k-demo/image_packets/mbita_schistosomiasis/mbita_schistosomiasis_s0124_label_positive_jitter_packet.png,data/processed/vector-100k-demo/sidecars/mbita_schistosomiasis/mbita_schistosomiasis_s0124_label_positive_jitter_sidecar.json,data/processed/vector-100k-demo/targets/mbita_schistosomiasis/mbita_schistosomiasis_s0124_label_positive_jitter_risk_tile.json,low,20,0.6,32,1.40536,True
mbita_schistosomiasis_s0314_random_ecological,mbita_schistosomiasis,train,schistosomiasis,random_ecological,data/processed/vector-100k-demo/image_packets/mbita_schistosomiasis/mbita_schistosomiasis_s0314_random_ecological_packet.png,data/processed/vector-100k-demo/sidecars/mbita_schistosomiasis/mbita_schistosomiasis_s0314_random_ecological_sidecar.json,data/processed/vector-100k-demo/targets/mbita_schistosomiasis/mbita_schistosomiasis_s0314_random_ecological_risk_tile.json,low,0,0.34,0,1.40536,True
mwanza_schistosomiasis_s0009_label_positive_jitter,mwanza_schistosomiasis,train,schistosomiasis,label_positive_jitter,data/processed/vector-100k-demo/image_packets/mwanza_schistosomiasis/mwanza_schistosomiasis_s0009_label_positive_jitter_packet.png,data/processed/vector-100k-demo/sidecars/mwanza_schistosomiasis/mwanza_schistosomiasis_s0009_label_positive_jitter_sidecar.json,data/processed/vector-100k-demo/targets/mwanza_schistosomiasis/mwanza_schistosomiasis_s0009_label_positive_jitter_risk_tile.json,moderate,35,0.6,85,4.524451,True
mwanza_schistosomiasis_s0036_label_positive_jitter,mwanza_schistosomiasis,train,schistosomiasis,label_positive_jitter,data/processed/vector-100k-demo/image_packets/mwanza_schistosomiasis/mwanza_schistosomiasis_s0036_label_positive_jitter_packet.png,data/processed/vector-100k-demo/sidecars/mwanza_schistosomiasis/mwanza_schistosomiasis_s0036_label_positive_jitter_sidecar.json,data/processed/vector-100k-demo/targets/mwanza_schistosomiasis/mwanza_schistosomiasis_s0036_label_positive_jitter_risk_tile.json,moderate,35,0.6,85,4.524451,True
mwanza_schistosomiasis_s0313_random_ecological,mwanza_schistosomiasis,train,schistosomiasis,random_ecological,data/processed/vector-100k-demo/image_packets/mwanza_schistosomiasis/mwanza_schistosomiasis_s0313_random_ecological_packet.png,data/processed/vector-100k-demo/sidecars/mwanza_schistosomiasis/mwanza_schistosomiasis_s0313_random_ecological_sidecar.json,data/processed/vector-100k-demo/targets/mwanza_schistosomiasis/mwanza_schistosomiasis_s0313_random_ecological_risk_tile.json,low,0,0.34,0,4.524451,True
mwea_schistosomiasis_s0087_label_positive_jitter,mwea_schistosomiasis,train,schistosomiasis,label_positive_jitter,data/processed/vector-100k-demo/image_packets/mwea_schistosomiasis/mwea_schistosomiasis_s0087_label_positive_jitter_packet.png,data/processed/vector-100k-demo/sidecars/mwea_schistosomiasis/mwea_schistosomiasis_s0087_label_positive_jitter_sidecar.json,data/processed/vector-100k-demo/targets/mwea_schistosomiasis/mwea_schistosomiasis_s0087_label_positive_jitter_risk_tile.json,low,8,0.49,3,4.353177,True
mwea_schistosomiasis_s0202_hard_negative_water_urban,mwea_schistosomiasis,train,schistosomiasis,hard_negative_water_urban,data/processed/vector-100k-demo/image_packets/mwea_schistosomiasis/mwea_schistosomiasis_s0202_hard_negative_water_urban_packet.png,data/processed/vector-100k-demo/sidecars/mwea_schistosomiasis/mwea_schistosomiasis_s0202_hard_negative_water_urban_sidecar.json,data/processed/vector-100k-demo/targets/mwea_schistosomiasis/mwea_schistosomiasis_s0202_hard_negative_water_urban_risk_tile.json,low,12,0.45,0,4.353177,True
mwea_schistosomiasis_s0223_hard_negative_water_urban,mwea_schistosomiasis,train,schistosomiasis,hard_negative_water_urban,data/processed/vector-100k-demo/image_packets/mwea_schistosomiasis/mwea_schistosomiasis_s0223_hard_negative_water_urban_packet.png,data/processed/vector-100k-demo/sidecars/mwea_schistosomiasis/mwea_schistosomiasis_s0223_hard_negative_water_urban_sidecar.json,data/processed/vector-100k-demo/targets/mwea_schistosomiasis/mwea_schistosomiasis_s0223_hard_negative_water_urban_risk_tile.json,low,2,0.36,0,4.353177,True
niamey_schistosomiasis_s0070_label_positive_jitter,niamey_schistosomiasis,test,schistosomiasis,label_positive_jitter,data/processed/vector-100k-demo/image_packets/niamey_schistosomiasis/niamey_schistosomiasis_s0070_label_positive_jitter_packet.png,data/processed/vector-100k-demo/sidecars/niamey_schistosomiasis/niamey_schistosomiasis_s0070_label_positive_jitter_sidecar.json,data/processed/vector-100k-demo/targets/niamey_schistosomiasis/niamey_schistosomiasis_s0070_label_positive_jitter_risk_tile.json,moderate,47,0.78,198,6.220992,True
niamey_schistosomiasis_s0188_random_ecological,niamey_schistosomiasis,test,schistosomiasis,random_ecological,data/processed/vector-100k-demo/image_packets/niamey_schistosomiasis/niamey_schistosomiasis_s0188_random_ecological_packet.png,data/processed/vector-100k-demo/sidecars/niamey_schistosomiasis/niamey_schistosomiasis_s0188_random_ecological_sidecar.json,data/processed/vector-100k-demo/targets/niamey_schistosomiasis/niamey_schistosomiasis_s0188_random_ecological_risk_tile.json,low,0,0.34,0,6.220992,True
niamey_schistosomiasis_s0231_uncertain_sparse_context,niamey_schistosomiasis,test,schistosomiasis,uncertain_sparse_context,data/processed/vector-100k-demo/image_packets/niamey_schistosomiasis/niamey_schistosomiasis_s0231_uncertain_sparse_context_packet.png,data/processed/vector-100k-demo/sidecars/niamey_schistosomiasis/niamey_schistosomiasis_s0231_uncertain_sparse_context_sidecar.json,data/processed/vector-100k-demo/targets/niamey_schistosomiasis/niamey_schistosomiasis_s0231_uncertain_sparse_context_risk_tile.json,moderate,48,0.78,90,6.220992,True
richard_toll_schistosomiasis_s0020_label_positive_jitter,richard_toll_schistosomiasis,validation,schistosomiasis,label_positive_jitter,data/processed/vector-100k-demo/image_packets/richard_toll_schistosomiasis/richard_toll_schistosomiasis_s0020_label_positive_jitter_packet.png,data/processed/vector-100k-demo/sidecars/richard_toll_schistosomiasis/richard_toll_schistosomiasis_s0020_label_positive_jitter_sidecar.json,data/processed/vector-100k-demo/targets/richard_toll_schistosomiasis/richard_toll_schistosomiasis_s0020_label_positive_jitter_risk_tile.json,moderate,37,0.7,59,0.004145,True
richard_toll_schistosomiasis_s0085_hard_negative_water_urban,richard_toll_schistosomiasis,validation,schistosomiasis,hard_negative_water_urban,data/processed/vector-100k-demo/image_packets/richard_toll_schistosomiasis/richard_toll_schistosomiasis_s0085_hard_negative_water_urban_packet.png,data/processed/vector-100k-demo/sidecars/richard_toll_schistosomiasis/richard_toll_schistosomiasis_s0085_hard_negative_water_urban_sidecar.json,data/processed/vector-100k-demo/targets/richard_toll_schistosomiasis/richard_toll_schistosomiasis_s0085_hard_negative_water_urban_risk_tile.json,moderate,38,0.7,59,0.004145,True
richard_toll_schistosomiasis_s0187_random_ecological,richard_toll_schistosomiasis,validation,schistosomiasis,random_ecological,data/processed/vector-100k-demo/image_packets/richard_toll_schistosomiasis/richard_toll_schistosomiasis_s0187_random_ecological_packet.png,data/processed/vector-100k-demo/sidecars/richard_toll_schistosomiasis/richard_toll_schistosomiasis_s0187_random_ecological_sidecar.json,data/processed/vector-100k-demo/targets/richard_toll_schistosomiasis/richard_toll_schistosomiasis_s0187_random_ecological_risk_tile.json,low,2,0.38,0,0.004145,True
